school_name,address,mascot,colors,f2_colors
Baker County High School,"260 GA Highway 37, SW Newton, GA 39870-8212",Bears,"Black, Gold & White","black, gold"
Central Gwinnett High School,"564 West Crogan Street Lawrenceville, GA 30046",Black Knights,Black & Gold,"black, gold"
Chattahoochee Co High School,"360 Hwy 26 Cusseta, Georgia 31805",Panthers,Black & Gold,"black, gold"
Claxton High School,"602 Hendrix St. Ext Claxton, GA 30417",Tigers,Black & Gold,"black, gold"
Colquitt County High School,"105 Darbyshire Road Norman Park, GA 31771",Packers,Black & Gold,"black, gold"
Commerce High School,"272 Lakeview Drive Commerce, GA 30529",Tigers,Black & Gold,"black, gold"
Cook High School,"9900 Highway 37 Adel, GA 31620",Hornets,Black & Gold,"black, gold"
Douglass High School,"225 Hamilton E. Holmes Drive Atlanta, GA 30318",Astros,Black & Gold,"black, gold"
East Hall High School,"3534 East Hall Road Gainesville, GA 30507",Vikings,Black & Gold,"black, gold"
East Laurens High School,"1010 East Highway 80 East Dublin, GA 31027",Falcons,Black & Gold,"black, gold"
Evans High School,"4550 Cox Road Evans, GA 30809-3402",Knights,Black & Gold,"black, gold"
Fayette County High School,"1 Tiger Trail Fayetteville, GA 30214",Tigers,Black & Gold,"black, gold"
Harris County High School,"8281 Georgia Highway 116 Hamilton, GA 31811",Tigers,Black & Gold,"black, gold"
Lithonia High School,"2440 Phillips Road Lithonia, GA 30058",Bulldogs,Black & Gold,"black, gold"
Mary Persons High School,"300 Montpelier Avenue Forsyth, GA 31029",Bulldogs,Black & Gold,"black, gold"
North Murray High School,"2568 Mt. Carmel Church Road Chatsworth, GA 30705",Mountaineers,Black & Gold,"black, gold"
Peach County High School,"3665 Peach Parkway Fort Valley, GA 31030",Trojans,Black & Gold,"black, gold"
Richmond Hill High School,"1 Wildcat Drive Richmond Hill, GA 31324-8809",Wildcats,Black & Gold,"black, gold"
Rockmart High School,"990 Cartersville Highway Rockmart, GA 30153",Yellow Jackets,Black & Gold,"black, gold"
Sequoyah High School,"4485 Hickory Road Canton, GA 30115",Chiefs,Black & Gold,"black, gold"
Swainsboro High School,"689 South Main Street Swainsboro, GA 30401",Tigers,Black & Gold,"black, gold"
Temple High School,"589 Sage Street Temple, GA 30179",Tigers,Black & Gold,"black, gold"
Thomson High School,"1160 Whiteoak Road PO Box 1077 Thomson, Georgia 30824",Bulldogs,Black & Gold,"black, gold"
Valdosta High School,"4590 Inner Perimeter Road Valdosta, GA 31602",Wildcats,Black & Gold,"black, gold"
Worth County High School,"407 West Bryant Drive Sylvester, GA 31791",Rams,Black & Gold,"black, gold"
