school_name,address,mascot,colors,f2_colors
Calhoun High School,"355 South River Street Calhoun, GA 30701",Yellow Jackets,Black & Vegas Gold,"black, vegas gold"
McDonough High School,"155 Postmaster Drive McDonough, GA 30253",Warhawks,"Black, Vegas Gold, & White","black, vegas gold"
Liberty County High School,"3216 East Oglethorpe Hwy Hinesville, GA 31313",Panthers,Black & Vegas Gold,"black, vegas gold"
Pepperell High School,"3 Dragon Drive Lindale, GA 30147-1252",Dragons,"Black, Vegas Gold & White","black, vegas gold"
Sprayberry High School,"2525 Sandy Plains Road Marietta, GA 30066",Yellow Jackets,Black & Vegas Gold,"black, vegas gold"
Twiggs County High School,"375 Watson Drive Jeffersonville, Georgia 31044",Cobras,Black & Vegas Gold,"black, vegas gold"
Wayne County High School,"One Jacket Drive Jesup, GA 31545",Yellow Jackets,Black & Vegas Gold,"black, vegas gold"
