school_name,address,mascot,colors,f2_colors
Chestatee High School,"3005 Sardis Road Gainesville, GA 30506-2232",War Eagles,"Black, Silver & Maroon","black, silver"
East Paulding High School,"3320 East Paulding Drive Dallas, GA 30157-4552",Raiders,"Black, Silver & White","black, silver"
Houston County High School,"920 Highway 96 Warner Robins, GA 31088",Bears,"Black, Silver & White","black, silver"
North Forsyth High School,"3635 Coal Mountain Drive Cumming, GA 30028-3279",Raiders,"Black, Silver & Purple","black, silver"
Ridgeland High School,"2478 Happy Valley Road Rossville, GA 30741-6009",Panthers,Black & Silver,"black, silver"
Riverdale High School,"160 Roberts Drive Riverdale, GA 30274",Raiders,Black & Silver,"black, silver"
Savannah Arts Academy,"500 Washington Avenue Savannah, GA 31405",Panthers,"Black, Silver & Hot Pink","black, silver"
Shiloh High School,"4210 Shiloh Road Snellville, GA 30039",Generals,Black & Silver,"black, silver"
Upson-Lee High School,"268 Knight Trail Thomaston, GA 30286",Knights,"Black, silver, purple","black, silver"
