school_name,address,mascot,colors,f2_colors
Burke County High School,"1057 Burke Veterans Parkway Waynesboro, GA 30830",Bears,"Black, White & Royal Blue","black, white"
Coosa High School,"4454 Alabama Hwy Rome, GA 30165",Eagles,"Black, White & Silver","black, white"
Telfair County High School,"458 South Third Avenue McRae, GA 31055",Trojans,"Black, White & Columbia Blue","black, white"
Washington County High School,"420 Riddleville Road P.O. Box 1057 Sandersville, GA 31082",Golden Hawks,"Black, White & Gold","black, white"
