school_name,address,mascot,colors,f2_colors
Beach High School,"3001 Hopkins Street Savannah, GA 31405",Bulldogs,Blue & Gold,"blue, gold"
Brunswick High School,"3885 Altama Avenue Brunswick, GA 31520",Pirates,Blue & Gold,"blue, gold"
Central High School,"945 North Washington Avenue Post Office Box 308 Talbotton, GA 31827",Hawks,"Blue, Gold & White","blue, gold"
Chamblee High School,"3688 Chamblee Dunwoody Road Chamblee, Georgia 30341",Bulldogs,Blue & Gold,"blue, gold"
Eagle's Landing High School,"301 Tunis Road McDonough, GA 30253",Golden Eagles,Blue & Gold,"blue, gold"
Early County High School,"12020 Columbia Highway Blakely, GA 39823-1703",Bobcats,Blue & Gold,"blue, gold"
Jeff Davis High School,"156 Collins Street Hazlehurst, GA 31539",Yellow Jackets,Blue & Gold,"blue, gold"
Kendrick High School,"6015 Georgetown Drive Columbus, GA 31907-4698",Cherokees,Blue & Gold,"blue, gold"
Marist School,"3790 Ashford Dunwoody Rd, NE Atlanta, GA 30319-1899",War Eagles,Blue & Gold,"blue, gold"
Southeast Bulloch High School,"9184 Brooklet-Denmark Highway Brooklet, GA 30415",Yellow Jackets,Blue & Gold,"blue, gold"
Thomas Co. Central High School,"4686 U. S. Hwy 84 Bypass Thomasville, GA 31792",Yellow Jackets,Blue & Gold,"blue, gold"
Troup High School,"1920 Hamilton Road LaGrange, GA 30241",Tigers,Blue & Gold,"blue, gold"
Warren County High School,"1253 Atlanta Highway, NW Warrenton, GA 30828-0192",Screaming Devils,"Blue, Gold & White","blue, gold"
Washington-Wilkes High School,"1182 Tignall Road Washington, GA 30673",Tigers,Blue & Gold,"blue, gold"
Wilkinson County High School,"11481 Highway 57 Post Office Box 547 Irwinton, GA 31042",Warriors,Blue & Gold,"blue, gold"
