school_name,address,mascot,colors,f2_colors
Armuchee High School,"4203 Martha Berry Highway, NW Rome, GA 30165",Indians,"Blue, Silver & White","blue, silver"
Gordon Central High School,"335 Warrior Path Calhoun, GA 30701",Warriors,"Blue, Silver & White","blue, silver"
Habersham Central High School,"2059 State Highway 197 S. Mt. Airy, GA 30563",Raiders,"Blue, Silver & Orange","blue, silver"
Pierce County High School,"4850 County Farm Rd Blackshear, GA 31516",Bears,Blue & Silver,"blue, silver"
Westlake High School,"2400 Union Road, SW Atlanta, GA 30331",Lions,"Blue, Silver & White","blue, silver"
