school_name,address,mascot,colors,f2_colors
Banks County High School,"1486 A Historic Homer Highway Homer, GA 30547",Leopards,Blue & White,"blue, white"
Heritage High School,"2400 Granade Road SW Conyers, GA 30094",Patriots,"Blue, White & Red","blue, white"
Jenkins County High School,"433 Barney Avenue Millen, GA 30442-1948",War Eagles,Blue & White,"blue, white"
Johnson County High School,"150 Herschel Walker Drive Wrightsville, GA 31096",Trojans,Blue & White,"blue, white"
The Lovett School,"4075 Paces Ferry Road, NW Atlanta, GA 30327-3099",Lions,Blue & White,"blue, white"
Manchester High School,"405 5th Avenue, N Manchester, GA 31816",Blue Devils,Blue & White,"blue, white"
Norcross High School,"5300 Spalding Drive Norcross, GA 30092",Blue Devils,"Blue, White & Silver","blue, white"
North Clayton High School,"1525 Norman Drive College Park, GA 30349",Eagles,"Blue, White, Silver, Black","blue, white"
Northside High School,"926 Green Street Warner Robins, GA 31093-2780",Eagles,Blue & White,"blue, white"
Oconee County High School,"2721 Hog Mountain Road Watkinsville, GA 30677",Warriors,Blue & White,"blue, white"
Ringgold High School,"29 Tiger Trail Ringgold, GA 30736",Tigers,Blue & White,"blue, white"
Statesboro High School,"10 Coach Lee Hill Blvd Statesboro, GA 30458",Blue Devils,Blue & White,"blue, white"
Tift County High School,"One Blue Devil Way Tifton, GA 31794",Blue Devils,Blue & White,"blue, white"
Towns County High School,"1400 US Highway 76, E Hiawassee, GA 30546-2008",Indians,Blue & White,"blue, white"
Trion High School,"919 Allgood Street Suite 3 Trion, Georgia 30753",Bulldogs,Blue & White,"blue, white"
W. D. Mohammed High School,"735 Fayetteville Road, SE Atlanta, GA 30316-2309",Caliphs,Blue & White,"blue, white"
