school_name,address,mascot,colors,f2_colors
Creekside High School,"7405 Herndon Road Fairburn, GA 30213",Seminoles,Cardinal & Vegas Gold,"cardinal, vegas gold"
Cross Creek High School,"3855 Old Waynesboro Road Augusta, Georgia 30906",RazorBacks,Cardinal & Vegas Gold,"cardinal, vegas gold"
Hebron Christian Academy,"775 Dacula Road Dacula, GA 30019",Lions,"Cardinal, Vegas Gold & White","cardinal, vegas gold"
Mill Creek High School,"4400 Braselton Hwy Hoschton, GA 30548",Hawks,"Cardinal, Vegas Gold & Navy","cardinal, vegas gold"
South Paulding High School,"1364 Winn Road Douglasville, GA 30134",Spartans,Cardinal & Vegas Gold,"cardinal, vegas gold"
