school_name,address,mascot,colors,f2_colors
Buford High School,"2455 Buford Highway NE Buford, GA 30518",Wolves,"Green, Gold & White","green, gold"
Clarkston High School,"618 North Indian Creek Drive Clarkston, GA 30021",Angoras,Green & Gold,"green, gold"
Cross Keys High School,"1626 N. Druid Hills Road NE Atlanta, GA 30319",Phoenix,Green & Gold,"green, gold"
Dublin High School,"1127 Hillcrest Parkway Dublin, GA 31021-3646",Fighting Irish,Green & Gold,"green, gold"
Greenforest Christian School,"3250 Rainbow Drive Decatur, GA 30034",Eagles,Green & Gold,"green, gold"
Langston Hughes High School,"7510 Hall Road Fairburn, GA 30213",Panthers,"Green, Gold & Black","green, gold"
Lithia Springs High School,"2520 E. County Line Road Lithia Springs, GA 30122-2799",Lions,Green & Gold,"green, gold"
Savannah Country Day School,"824 Stillwood Drive Savannah, GA 31419-2643",Hornets,Green & Gold,"green, gold"
Spencer High School,"1000 Ft. Benning Road Columbus, GA 31903",Greenwave/Owls,Green & Gold,"green, gold"
Terrell County High School,"201 Greenwave Blvd Dawson, GA 39842",Greenwave,Green & Gold,"green, gold"
Ware County High School,"700 Victory Drive Waycross, GA 31503",Gators,"Green, Gold & White","green, gold"
Wesleyan School,"5405 Spalding Drive Peachtree Corners, GA 30092-2614",Wolves,"Green, Gold & White","green, gold"
