school_name,address,mascot,colors,f2_colors
Adairsville High School,"519 Old Highway 41, NW Adairsville, GA 30103",Tigers,"Green, White & Vegas Gold","green, white"
Echols County High School,"190 Highway 94, East Post Office Box 40 Statenville, GA 31648",Wildcats,Green & White,"green, white"
Franklin County High School,"6570 Highway 145 Carnesville, GA 30521",Lions,Green & White,"green, white"
T.W. Josey Comp. High School,"1701 15th Street St Eagles Way Augusta, GA 30901",Eagles,"Green, White & Gold","green, white"
Murray County High School,"1001 Green Road Chatsworth, GA 30705-2011",Indians,Green & White,"green, white"
Roswell High School,"11595 King Road Roswell, GA 30075",Hornets,"Green, White & Black","green, white"
Seminole County High School,"5582 Highway 39 Donalsonville, GA 39845-6202",Indians,Green & White,"green, white"
Westminster School,"1424 W. Paces Ferry Rd, NW Atlanta, GA 30327-2486",Wildcats,Green & White,"green, white"
Windsor Forest High School,"12419 Largo Dr Savannah, GA 31419",Knights,Green & White,"green, white"
