school_name,address,mascot,colors,f2_colors
Benedictine Military School,"6502 Seawright Drive Savannah, GA 31406",Cadets,Maroon & White,"maroon, white"
Coffee High School,"159 Trojan Way Douglas, GA 31533",Trojans,Maroon & White,"maroon, white"
Dougherty Comp High School,"1800 Pearce Avenue Albany, GA 31705",Trojans,Maroon & White,"maroon, white"
Perry High School,"1307 North Avenue Perry, GA 31069",Panthers,"Maroon, White & Gold","maroon, white"
Savannah Early College,"400 Pennsylvania Avenue Savannah, GA 31404",Cobras,Maroon & White,"maroon, white"
