school_name,address,mascot,colors,f2_colors
Carver High School,"55 McDonough Blvd SE Atlanta, GA 30315",Panthers,"Maroon, Gray & White","maroon, gray"
Central High School,"113 Central Road Carrollton, GA 30116",Lions,Maroon & Gray,"maroon, gray"
Heard County High School,"545 main street franklin, GA 30217",Braves,Maroon & Gray,"maroon, gray"
Southwest Atlanta Christian Academy,"3911 Campbellton Road, SW Atlanta, GA 30331-5053",Warriors,Maroon & Gray,"maroon, gray"
Towers High School,"3919 Brookcrest Circle Decatur, GA 30032-3815",Titans,Maroon & Gray,"maroon, gray"
Union Grove High School,"120 East Lake Road McDonough, GA 30252-4812",Wolverines,Maroon & Gray,"maroon, gray"
