school_name,address,mascot,colors,f2_colors
Brookwood High School,"1255 Dogwood Road Snellville, GA 30078-2249",Broncos,Maroon & Gold,"maroon, gold"
Dade County High School,"300 Tradition Lane Trenton, GA 30752",Wolverines,Maroon & Gold,"maroon, gold"
Hancock Central High School,"11311 GA Hwy 15 North Sparta, GA 31087",Bulldogs,Maroon & Gold,"maroon, gold"
Tucker High School,"5036 LaVista Road Tucker, GA 30084",Tigers,"Maroon, Gold & White","maroon, gold"
Walker School,"700 Cobb Parkway, North Marietta, GA 30062-2404",Wolverines,Maroon & Gold,"maroon, gold"
Woody Gap School,"2331 State Highway 60 Suches, GA 30572-2903",Falcons,Maroon & Gold,"maroon, gold"
