school_name,address,mascot,colors,f2_colors
Dacula High School,"123 Broad Street Dacula, GA 30019",Falcons,"Navy, Vegas Gold & White","navy, vegas gold"
Decatur High School,"310 North McDonough Street Decatur, GA 30030-3339",Bulldogs,Navy & Vegas Gold,"navy, vegas gold"
Douglas County High School,"8705 Campbellton Street Douglasville, GA 30134-2299",Tigers,Navy & Vegas Gold,"navy, vegas gold"
Hapeville Charter Career Academy,"6045 Buffington Road, Building A Atlanta, GA 30349",Hornets,Navy & Vegas Gold,"navy, vegas gold"
Landmark Christian School,"50 SE Broad Street Fairburn, GA 30213-1483",War Eagles,Navy & Vegas Gold,"navy, vegas gold"
River Ridge High School,"400 Arnold Mill Road Woodstock, GA 30188",Knights,Navy & Vegas Gold,"navy, vegas gold"
St. Pius X Catholic High School,"2674 Johnson Road, NE Atlanta, GA 30345-1720",Golden Lions,"Navy, Vegas Gold & White","navy, vegas gold"
Tattnall County High School,"#1 Battle Creek Warrior Blvd. Reidsville, GA 30453",Battle Creek Warriors,Navy & Vegas Gold,"navy, vegas gold"
Whitefield Academy,"1 Whitefield Drive Smyrna, GA 30126",WolfPack,Navy & Vegas Gold,"navy, vegas gold"
