school_name,address,mascot,colors,f2_colors
Baconton Charter School,"260 East Walton Street Baconton, GA 31716",Blazers,Navy & White,"navy, white"
Ben Franklin Academy,"1585 Clifton Road NE Atlanta, GA 30329",Patriots,Navy & White,"navy, white"
Elbert County Comp High School,"600 Abernathy Circle Elberton, GA 30635",Blue Devils,Navy & White,"navy, white"
Gordon Lee High School,"105 Lee Circle Chickamauga, GA 30707",Trojans,Navy & White,"navy, white"
Marietta High School,"1171 Whitlock Avenue Marietta, GA 30064-2276",Blue Devils,Navy & White,"navy, white"
Mount Vernon School,"510 Mt. Vernon Highway, NE Atlanta, GA 30328",Mustangs,Navy & White,"navy, white"
Northview High School,"10625 Parsons Road Johns Creek, GA 30097-1717",Titans,"Navy, White & Hyper Green","navy, white"
Pace Academy,"966 W. Paces Ferry Rd, NW Atlanta, GA 30327-2699",Knights,"Navy, White & Grey","navy, white"
Portal High School,"27245 Highway 80, West Portal, GA 30450",Panthers,Navy & White,"navy, white"
Putnam County High School,"300 War Eagle Drive Eatonton, GA 31024-2304",War Eagles,"Navy, White & Red","navy, white"
St. Francis Schools,"13440 Cogburn Road Milton, GA 30004-3647",Knights,Navy & White,"navy, white"
White County High School,"2600 Highway 129 North Cleveland, GA 30528",Warriors,"Navy, White & Gray","navy, white"
