school_name,address,mascot,colors,f2_colors
Apalachee High School,"940 Haymon Morris Road Winder, GA 30680",Wildcats,Navy & Gold,"navy, gold"
Eagle's Landing Christian,"2400 Highway 42 North McDonough, GA 30253",Chargers,Navy & Gold,"navy, gold"
Elite Scholars Academy,"7923 Fielder Road Jonesboro, GA 30236",Royal Knights,"Navy, Gold & White","navy, gold"
The Galloway School,"215 Chastain Park Avenue NW Atlanta, GA 30342",Scots,Navy & Gold,"navy, gold"
Mt. Bethel Christian Academy,"2509 Post Oak Tritt Road Marietta, GA 30062",Eagles,Navy & Gold,"navy, gold"
Newnan High School,"190 LaGrange Street Newnan, GA 30263",Cougars,"Navy, Gold, and White","navy, gold"
Pelham High School,"720 Barrow Avenue Pelham, GA 31779",Hornets,"Navy, Gold & White","navy, gold"
Prince Avenue Christian School,"2201 Ruth Jackson Road Bogart, GA 30622",Wolverines,Navy & Gold,"navy, gold"
Wheeler High School,"375 Holt Road Marietta, GA 30068",Wildcats,"Navy, Gold & White","navy, gold"
