school_name,address,mascot,colors,f2_colors
East Forsyth High School,"8910 Jot Em Down Road Gainesville, GA 30506",Broncos,"Navy, Orange, Gray","navy, orange"
Mundy's Mill High School,"9652 Fayetteville Road Jonesboro, GA 30238",Tigers,"Navy, Orange & White","navy, orange"
North Springs High School,"7447 Roswell Road Sandy Springs, GA 30328",Spartans,Navy & Orange,"navy, orange"
South Cobb High School,"1920 Clay Road Austell, GA 30106-2299",Eagles,"Navy, Orange, and White","navy, orange"
Taliaferro County High School,"557 Broad Street Crawfordville, GA 30631",Jaguars,Navy & Orange,"navy, orange"
