school_name,address,mascot,colors,f2_colors
Coahulla Creek High School,"3361 Crow Road Dalton, GA 30721-1022",Colts,Navy & Silver,"navy, silver"
East Jackson Comp. High School,"1435 Hoods Mill Road Commerce, GA 30529",Eagles,Navy & Silver,"navy, silver"
Grovetown High School,"2010 Warrior Way Grovetown, GA 30813-8132",Warriors,"Navy, Silver, Red & White","navy, silver"
Luella High School,"603 Walker Drive Locust Grove, GA 30248-2052",Lions,"Navy, Silver & Maroon","navy, silver"
North Paulding High School,"300 North Paulding Drive Dallas, GA 30132-5725",Wolfpack,Navy & Silver,"navy, silver"
Redan High School,"5247 Redan Road Stone Mountain, GA 30088-2803",Raiders,Navy & Silver,"navy, silver"
Spalding High School,"433 Wilson Road Griffin, GA 30224-4547",Jaguars,Navy & Silver,"navy, silver"
West Hall High School,"5500 McEver Road Oakwood, GA 30566",Spartans,Navy & Silver,"navy, silver"
