school_name,address,mascot,colors,f2_colors
Central High School,"2155 Napier Avenue Macon, GA 31204-3600",Chargers,"Orange, White & Royal Blue","orange, white"
Lanier High School,"918 Buford Highway Sugar Hill, GA 30518",Longhorns,"Orange, White & Black","orange, white"
Metter High School,"34905 Highway 129, South Metter, GA 30439",Tigers,"Orange, White & Black","orange, white"
North Cobb High School,"3400 Old Highway 293, North Kennesaw, GA 30144-1072",Warriors,"Orange, White & Blue","orange, white"
Parkview High School,"998 Cole Drive Lilburn, GA 30047",Panthers,Orange & White,"orange, white"
