school_name,address,mascot,colors,f2_colors
Darlington School,"1014 Cave Spring Road Rome, GA 30161-4700",Tigers,Purple & White,"purple, white"
Duluth High School,"3737 Brock Road Duluth, GA 30096",Wildcats,"Purple, White & Black","purple, white"
Gilmer High School,"408 Bobcat Trail Ellijay, GA 30540",Bobcats,Purple & White,"purple, white"
Jasper County High School,"14477 GA Highway 11 N Monticello, GA 31064",Hurricanes,"Purple, White, Silver, and Black","purple, white"
AR Johnson Magnet High School,"1324 Laney-Walker Blvd Augusta, GA 30901",Panthers,Purple & White,"purple, white"
King's Ridge Christian School,"2765 Bethany Bend Alpharetta, GA 30004",Tigers,Purple & White,"purple, white"
Miller Grove High School,"2645 DeKalb Medical Parkway Lithonia, GA 30058",Wolverines,"Purple, White & Silver","purple, white"
Monroe Area High School,"300 Double Springs Church Road Monroe, GA 30656",Purple Hurricanes,Purple & White,"purple, white"
