school_name,address,mascot,colors,f2_colors
Bainbridge High School,"1 Bearcat Boulevard Bainbridge, GA 39819",Bearcats,Purple & Gold,"purple, gold"
Bleckley County High School,"155 GA-87 Cochran, GA 31014",Royals,Purple & Gold,"purple, gold"
Calvary Day School,"4625 Waters Avenue Savannah, GA 31404",Cavaliers,Purple & Gold,"purple, gold"
Crawford County High School,"400 East Agency Street Roberta, GA 31078",Eagles,Purple & Gold,"purple, gold"
DeKalb School of the Arts,"1192 Clarendon Avenue Avondale Estates, GA 30002",Fire Ant,Purple & Gold,"purple, gold"
East Coweta High School,"400 HWY 154 Sharpsburg, GA 30277-9176",Indians,Purple & Gold,"purple, gold"
Fitzgerald High School,"553 Ocilla Highway Fitzgerald, GA 31750",Purple Hurricane,Purple & Gold,"purple, gold"
Hampton High School,"795 Hampton-Locust Grove Road Hampton, GA 30228",Hornets,"Purple, Gold & Black","purple, gold"
Jones County High School,"339 Railroad Street Gray, GA 31032",Greyhounds,Purple & Gold,"purple, gold"
Lakeside High School,"3801 Briarcliff Road, NE Atlanta, GA 30345-3856",Vikings,Purple & Gold,"purple, gold"
Richmond Academy,"910 Russell Street Augusta, GA 30904-4116",Musketeers,Purple & Gold,"purple, gold"
Union County High School,"153 Panther Circle Blairsville, GA 30512",Panthers,Purple & Gold,"purple, gold"
Villa Rica High School,"600 Rocky Branch Road Villa Rica, GA 30180",Wildcats,Purple & Gold,"purple, gold"
