school_name,address,mascot,colors,f2_colors
Berrien High School,"500 East Smith Avenue Nashville, GA 31639",Rebels,Red & Gray,"red, gray"
Irwin County High School,"149 Chieftain Circle Ocilla, GA 31774-2231",Indians,Red & Gray,"red, gray"
Laney High School,"1339 Laney Walker Blvd Augusta, GA 30901",Wildcats,Red & Gray,"red, gray"
Macon County High School,"611 Vienna Road Montezuma, GA 31063-1274",Bulldogs,Red & Gray,"red, gray"
Madison County High School,"600 Madison Street Danielsville, GA 30633",Red Raiders,Red & Gray,"red, gray"
Pike County High School,"331 Pirate Drive Zebulon, GA 30295-3378",Pirates,Red & Gray,"red, gray"
