school_name,address,mascot,colors,f2_colors
Allatoona High School,"3300 Dallas Acworth Hwy Acworth, GA 30101",Buccaneers,"Red, Black & Silver","red, black"
Baldwin High School,"155 Highway 49 West Milledgeville, GA 31061-3600",Braves,"Red, Black & White","red, black"
Bowdon High School,"504 West College Street Bowdon, GA 30108-1302",Red Devils,Red & Black,"red, black"
Cairo High School,"455 5th Street, SE Cairo, GA 39828",Syrupmakers,Red & Black,"red, black"
Cedartown High School,"167 Frank Lott Drive Cedartown, Georgia 30125",Bulldogs,Red & Black,"red, black"
Charlton County High School,"994 Indian Trail Folkston, GA 31537",Indians,Red & Black,"red, black"
Chattooga High School,"989 Highway 114 Summerville, GA 30747",Indians,Red & Black,"red, black"
Druid Hills High School,"1798 Haygood Drive, NE Atlanta, GA 30307-1119",Red Devils,Red & Black,"red, black"
Dutchtown High School,"149 Mitchell Road Hampton, GA 30228",Bulldogs,Red & Black,"red, black"
Emanuel County Institute,"102 College Street Post Office Box 218 Twin City, GA 30471",Bulldogs,Red & Black,"red, black"
Forsyth Central High School,"131 Almon C Hill Drive Cumming, GA 30040",Bulldogs,Red & Black,"red, black"
Georgia Military College,"201 East Greene Street Milledgeville, GA 31061",Bulldogs,Red & Black,"red, black"
Harlem High School,"1070 Appling-Harlem Road Harlem, GA 30814",Bulldogs,Red & Black,"red, black"
Hephzibah High School,"4558 Brothersville Road Hephzibah, GA 30815",Rebels,Red & Black,"red, black"
Jackson County High School,"152 Jaxco Junction Hoschton, GA 30548",Panthers,"Red, Black & White","red, black"
Lanier County High School,"52 West Patten Avenue Lakeland, GA 31635-1450",Bulldogs,Red & Black,"red, black"
Marion County High School,"1 Eagle Drive Buena Vista, GA 31803",Eagles,Red & Black,"red, black"
Morgan County High School,"1231 College Drive Madison, GA 30650",Bulldogs,"Red, Black & White","red, black"
Mt. Zion High School,"2535 Mt. Zion Parkway Jonesboro, GA 30236",Bulldogs,Red & Black,"red, black"
Northeast High School,"1646 Upper River Road Macon, GA 31211-1524",Raiders,"Red, Black & Gold","red, black"
Randolph-Clay High School,"3451 GA Highway 266 Cuthbert, GA 39840",Red Devils,Red & Black,"red, black"
Rockdale County High School,"1174 bulldog Cir NE conyers, GA 30012",Bulldogs,Red & Black,"red, black"
Sonoraville High School,"7340 Fairmount Highway, SE Calhoun, GA 30701",Phoenix,Red & Black,"red, black"
Stephens County High School,"323 Indian Trail Toccoa, GA 30577-9155",Indians,Red & Black,"red, black"
Therrell High School,"3099 Panther Trail, SW Atlanta, GA 30311",Panthers,Red & Black,"red, black"
Treutlen High School,"7892 Georgia Highway 29 Soperton, GA 30457",Vikings,Red & Black,"red, black"
Tri-Cities High School,"2575 Harris Street East Point, GA 30344",Bulldogs,"Red, Black & Silver","red, black"
Wheeler County High School,"50 Snowhill Road Alamo, GA 30411",Bulldogs,Red & Black,"red, black"
Winder-Barrow High School,"272 North Fifth Avenue Winder, GA 30680",Bulldoggs,Red & Black,"red, black"
