school_name,address,mascot,colors,f2_colors
Appling County High School,"482 Blackshear Hwy Baxley, GA 31513",Pirates,"Red, White & Black","red, white"
Atkinson County High School,"145 Rebel Lane Pearson, GA 31642-9225",Rebels,"Red, White & Gray","red, white"
Bacon County High School,"1190 Highway US 1 South Alma, GA 31510",Red Raiders,"Red, White & Black","red, white"
Berkmar High School,"405 Pleasant Hill Road Lilburn, GA 30047",Patriots,"Red, White & Navy","red, white"
Brooks County High School,"1801 Moultrie Road Quitman, GA 31643",Trojans,"Red, White & Blue","red, white"
Bryan County High School,"1234 Camellia Drive Pembroke, GA 31321",Redskins,Red & White,"red, white"
Calhoun County High School,"366 Cougar Lane Edison, GA 39846",Cougars,"Red, White & Royal Blue","red, white"
Cherokee High School,"930 Marietta Highway Canton, GA 30114",Warriors,Red & White,"red, white"
Clinch County High School,"1 Panther Way Homerville, GA 31634",Panthers,Red & White,"red, white"
Dalton High School,"1500 Manly Street Dalton, GA 30720",Catamounts,Red & White,"red, white"
Dodge County High School,"350 Pearl Bates Avenue Eastman, GA 31023",Indians,Red & White,"red, white"
Dunwoody High School,"5035 Vermack Road Dunwoody, GA 30338-4626",Wildcats,"Red, White & Blue","red, white"
Gainesville High School,"830 Century Place Gainesville, GA 30501-3002",Red Elephants,Red & White,"red, white"
Georgia School for Innovation and the Classics,"5073 Storey Mill Road Hephzibah, GA 30815",Patriots,"Red, White & Blue","red, white"
Glynn Academy,"1001 Mansfield Street PO Box 1678 Brunswick, GA 31520-7349",Terrors,Red & White,"red, white"
Greenville High School,"17656 Roosevelt Hwy Post Office Box 340 Greenville, GA 30222",Patriots,"Red, White & Blue","red, white"
Hawkinsville High School,"70 Red Devil Drive Hawkinsville, GA 31036",Red Devils,"Red, White & Blue","red, white"
Jackson High School,"717 South Harkness Street Jackson, GA 30233",Red Devils,"Red, White & Navy","red, white"
H. V. Jenkins High School,"1800 E. Derenne Avenue Savannah, GA 31406-3106",Warriors,"Red, White & Silver/Gray","red, white"
Lakeview-Ft. Ogle. High School,"1850 Battlefield Parkway Fort Oglethorpe, GA 30742-4020",Warrior,Red & White,"red, white"
Lee County High School,"One Trojan Way Leesburg, GA 31763",Trojans,Red & White,"red, white"
Lincoln County High School,"200 Charles Ward Elam Street Lincolnton, GA 30817",Red Devils,Red & White,"red, white"
Loganville High School,"100 Trident Trail Loganville, GA 30052",Red Devils,Red & White,"red, white"
Miller County High School,"996 Phillipsburg Hwy Colquitt, GA 39837",Pirates,Red & White,"red, white"
Milton High School,"13025 Birmingham Highway Milton, GA 30004",Eagles,"Red, White & Navy Blue","red, white"
Mitchell County High School,"1000 Newton Road Camilla, GA 31730",Eagles,"Red, White & Royal Blue","red, white"
Montgomery County High School,"100 Faye D. Brewer St. Mt. Vernon, GA 30445",Eagles,"Red, White & Blue","red, white"
Mt. Pisgah Christian School,"9820 Nesbit Ferry Road Johns Creek, GA 30022-5349",Patriots,"Red, White & Blue","red, white"
Mt. Zion High School,"280 Eureka Church Road Carrollton, GA 30117",Eagles,"Red, White & Gray","red, white"
Northside High School,"2002 American Way Columbus, GA 31909",Patriots,"Red, White & Blue","red, white"
Oglethorpe County High School,"749 Athens Road Lexington, GA 30648-1911",Patriots,"Red, White & Blue","red, white"
Osborne High School,"2451 Favor Road Marietta, GA 30060-7338",Cardinals,"Red, White, Black, Yellow","red, white"
Paulding County High School,"1297 Villa Rica Highway Dallas, GA 30157",Patriots,"Red, White & Blue","red, white"
Rabun County High School,"230 Wildcat Hill Drive Tiger, GA 30576",Wildcats,Red & White,"red, white"
Sandy Creek High School,"360 Jenkins Road Tyrone, GA 30290-1614",Fighting Patriots,"Red, White & Blue","red, white"
Savannah Christian Prep School,"1599 Chatham Parkway Savannah, GA 31408",Raiders,Red & White,"red, white"
Screven County High School,"110 Halcyondale Road Sylvania, GA 30467",Gamecocks,Red & White,"red, white"
Social Circle High School,"154 Alcova Drive Social Circle, GA 30025",Redskins,"Red, White, & Black","red, white"
Southwest Magnet High School,"1775 Williamson Road Macon, GA 31206-3339",Patriots,"Red, White & Blue","red, white"
Stone Mountain High School,"4555 Central Drive Stone Mountain, GA 30083-2599",Pirates,Red & White,"red, white"
Richmond County Technical Career Magnet School,"3200B Augusta Tech Drive Augusta, GA 30906",White Tigers,"Red, White & Blue","red, white"
Veterans High School,"340 Piney Grove Road Kathleen, GA 31047-2605",Warhawks,"Red, White & Blue","red, white"
Walton High School,"1590 Bill Murdock Road Marietta, GA 30062-1590",Raiders,"Red, White & Blue","red, white"
Westover High School,"2600 Partridge Lane Albany, GA 31707",Patriots,"Red, White & Blue","red, white"
Westside High School,"1002 Patriots Way Augusta, GA 30907",Patriots,"Red, White & Blue","red, white"
Woodland High School,"800 North Mosley Drive Stockbridge, GA 30281-2904",Wolfpack,Red & White,"red, white"
Woodward Academy,"1662 Rugby Avenue College Park, GA 30337",War Eagles,Red & White,"red, white"
