school_name,address,mascot,colors,f2_colors
Bradwell Institute,"100 Pafford Street Hinesville, GA 31313-3199",Tigers,Royal Blue & Gold,"royal blue, gold"
Chattahoochee High School,"5230 Taylor Road Johns Creek, GA 30022-6015",Cougars,"Royal Blue, Gold & White","royal blue, gold"
Crisp County High School,"2402 Cougar Alley Cordele, GA 31015",Cougars,Royal Blue & Gold,"royal blue, gold"
Lake Oconee Academy,"1021 Titan Circle Greensboro, GA 30642",Titans,Royal Blue & Gold,"royal blue, gold"
St. Vincent's Academy,"207 East Liberty Street Savannah, GA 31401-4401",Saints,Royal Blue & Gold,"royal blue, gold"
Stewart County High School,"15582 GA 27 PO Box 706 Lumpkin, GA 31815-0706",Royal Knights,Royal Blue & Gold,"royal blue, gold"
