school_name,address,mascot,colors,f2_colors
Atlanta International School,"2890 North Fulton Drive Atlanta, GA 30305-3155",Eagles,"Royal Blue, White, Black","royal blue, white"
Bremen High School,"529 Laurel Street Bremen, GA 30110",Blue Devils,Royal Blue & White,"royal blue, white"
Etowah High School,"6565 Putnam Ford Drive Woodstock, GA 30189-1501",Eagles,Royal Blue & White,"royal blue, white"
Georgia Academy for the Blind,"2895 Vineville Avenue Macon, GA 31204-2899",Panthers,Royal Blue & White,"royal blue, white"
LaGrange High School,"516 North Greenwood Street LaGrange, GA 30240",Grangers,Royal Blue & White,"royal blue, white"
Locust Grove High School,"3275 S Ola Road Locust Grove, GA 30248",Wildcats,Royal Blue & White,"royal blue, white"
Model High School,"3252 Calhoun Highway, NE Rome, GA 30161-9679",Blue Devils,Royal Blue & White,"royal blue, white"
Newton High School,"1 Ram Way Covington, GA 30014-1905",Rams,Royal Blue & White,"royal blue, white"
Paideia School,"1509 Ponce De Leon Avenue Atlanta, GA 30307-1617",Pythons,Royal Blue & White,"royal blue, white"
Peachtree Ridge High School,"1555 Old Peachtree Road Suwanee, GA 30024",Lions,Royal Blue & White,"royal blue, white"
Savannah High School,"400 Pennsylvania Avenue Savannah, GA 31404-1245",Blue Jackets,Royal Blue & White,"royal blue, white"
Washington High School,"45 White House Drive SW Atlanta, GA 30314",Bulldogs,Royal Blue & White,"royal blue, white"
West Laurens High School,"3692 Highway 257 Dexter, GA 31019",Raiders,Royal Blue & White,"royal blue, white"
Wilcox County High School,"1358 HWY 215 South Rochelle, GA 31079",Patriots,"Royal Blue, White & Gold","royal blue, white"
Woodville-Tompkins High School,"151 Coach Joe Turner Street Savannah, GA 31408",Wolverines,Royal Blue & White,"royal blue, white"
